,sad,neutral,anger,happy,hate
0:01,9.623319637799673,9.395733082706768,12.051856594110115,12.699808039747063,9.733010882708585
1:01,12.07567917205692,10.713566626443717,13.667844522968197,12.728254164096237,12.852060737527115
2:01,9.691051207535825,11.081532797209572,11.303514376996805,14.19081882285221,12.776429809358753
