,sad,neutral,anger,happy,hate
0:01,9.694712466229255,8.426172478955506,8.856927710843374,12.195900167930974,10.544300144300145
1:01,8.430599490780033,7.464936623415586,7.742444152431012,9.230704609891841,9.695417789757412
2:01,10.63069489185458,9.017710344827586,8.316939890710383,10.608025682182985,9.83764705882353
