,sad,neutral,anger,happy,hate
0:01,11.004840797307791,9.429048572046733,14.640470588235294,12.216137478334623,12.306047326906222
1:01,9.72413161030153,8.543773700449867,11.26466049382716,10.90414946185609,11.193724812895798
2:01,10.422006856540085,9.722742745988004,13.242780748663101,14.037777352716144,12.329599310641965
