,sad,neutral,anger,happy,hate
0:00,12.438641509433962,10.817799415774099,12.701072386058982,13.248961771909276,17.116902834008098
0:20,9.523196276183088,8.677151432918054,18.71857142857143,12.451435002813732,10.304691618344755
0:40,11.0128903122498,8.7039989981633,12.56701030927835,10.882592466915508,9.189410480349345
1:00,10.392924401398977,9.03561243653057,14.0,10.977164416203337,14.52975691533948
1:20,9.540491984521836,8.1887310073157,9.028915662650602,11.269167691676916,9.133393829401088
1:40,9.21476510067114,8.397792844777841,10.488151658767773,10.46202922412019,9.743850720949958
2:00,11.41044776119403,11.370425765280686,20.137123745819398,17.339352249928346,11.437417654808959
2:20,10.6188831318365,9.292380675767257,8.422442244224422,13.251665218650448,16.545454545454547
2:40,9.293200857198519,8.570897301420807,11.438438438438439,11.532157085941947,8.529172320217096
