,sad,neutral,anger,happy,hate
0:00,8.960607979734009,8.285668931360721,6.419354838709677,11.452384965447497,9.549232158988257
0:20,10.329506913644664,9.073570007061694,12.20995670995671,12.61388323150034,11.66895958727429
0:40,9.81451405001289,7.909723133447054,7.719907407407407,12.55382072005878,10.371548117154811
1:00,8.842190763518218,7.625028134143597,7.32129963898917,10.142944973870273,9.309399477806789
1:20,8.766073871409029,7.209213051823417,11.014218009478673,10.024561403508772,8.649794801641587
1:40,7.6699484294421,7.559341028801972,5.641025641025641,7.490271132376396,11.149519890260631
2:00,10.612642410878353,9.236860670194003,6.254437869822485,9.473628691983123,11.911904761904761
2:20,11.068941979522185,9.418892185954501,10.262569832402235,9.85274302213667,6.862407862407863
2:40,10.2245971719829,8.442322742213179,8.318407960199005,12.25709219858156,10.595982142857142
