,sad,neutral,anger,happy,hate
0:00,9.868138607789021,9.982308424798276,12.032520325203253,13.377278071722516,11.332882273342355
0:20,9.866035326665248,9.371835768676682,10.065719360568384,14.169193450576106,12.604535790219701
0:40,9.76724046889851,8.788235294117648,9.397031539888683,11.277701778385772,10.086834733893557
1:00,9.05668449197861,8.672254993273311,10.626334519572953,10.321550387596899,9.945530726256983
1:20,9.063115104835259,8.646064502748107,9.357894736842105,10.521219366407651,7.830065359477124
1:40,8.461933467291805,8.952225612964327,8.322807017543859,9.528887523048555,14.373595505617978
2:00,15.951493640934634,15.513823234493625,8.830769230769231,15.376700680272108,19.88041237113402
2:20,12.740080506037954,9.360052371254001,14.433035714285714,11.29213002566296,13.68089430894309
2:40,12.154992967651195,9.829717560376587,8.395555555555555,13.838979506482643,11.597826086956522
