,sad,neutral,anger,happy,hate
0:00,10.958446866485014,8.640905823148813,11.181176470588236,13.279283123533176,9.941025641025641
0:20,8.371007371007371,8.536585365853659,9.492273730684326,12.829555555555556,10.616248919619705
0:40,10.023060796645701,8.137014770281302,10.338672768878718,11.31997327989312,10.016423357664234
1:00,7.917090131051083,6.422418630751964,4.613756613756614,11.119869971556279,11.988333333333333
1:20,7.693650793650794,6.623886174187985,12.956896551724139,10.928396072013093,5.348294434470377
1:40,8.468715083798882,7.826423755558744,6.597345132743363,9.703225806451613,8.973451327433628
2:00,10.853089244851258,9.008110687022901,13.863636363636363,8.256655290102389,11.909090909090908
2:20,10.649151841125361,8.990652074783402,10.5177304964539,10.116310160427808,12.082872928176796
2:40,11.5024,8.819271855243079,7.546762589928058,10.123056994818652,12.526737967914439
