,sad,neutral,anger,happy,hate
0:00,11.52038547071905,9.4404296875,7.621538461538462,11.052939365958757,8.51080773606371
0:20,9.25359502526234,8.362571141613659,9.671378091872791,11.014705882352942,10.670533642691415
0:40,9.122429550647372,7.364264230812076,5.983050847457627,10.304278922345484,10.035874439461884
1:00,8.994805194805195,9.828175895765472,9.175757575757576,10.345070422535212,11.747844827586206
1:20,9.696806602081091,8.224116930572473,4.597315436241611,8.740288568257492,11.358024691358025
1:40,8.328504165157552,8.33712891419276,7.310344827586207,10.487465181058496,11.951680672268907
2:00,10.881578947368421,8.527918781725889,7.489583333333333,8.716696269982238,9.02158273381295
2:20,9.572990705303445,8.474626865671642,6.778947368421052,11.857264957264958,10.381877022653722
2:40,9.663131313131313,6.951384796700059,8.119047619047619,9.966460723742276,10.65
