,sad,neutral,anger,happy,hate
0:01,10.133275667043716,8.359550561797754,14.059365404298875,10.872194913443044,10.299194991055456
1:01,9.045977011494253,8.038681236806159,10.130597014925373,10.078728782954135,12.330815709969789
2:01,11.985922490891024,9.823230974632844,9.545918367346939,12.91731543624161,15.714285714285714
