,sad,neutral,anger,happy,hate
0:01,11.084860764265184,9.26603644473731,14.923937360178972,12.787104024724309,11.211027148054855
1:01,10.2825138446048,8.369531423495447,9.667549668874171,9.46766670868524,10.204238921001927
2:01,10.576533198175367,8.952129790359194,10.298728813559322,11.049626365204062,11.608959757023538
