,sad,neutral,anger,happy,hate
0:00,10.97679029624446,10.348011520992578,14.223790322580646,15.025111514951265,13.941009239516703
0:20,9.157579388855602,9.355429543521407,16.30888030888031,12.838324360699865,7.515373352855051
0:40,8.676319018404907,8.454514305293815,6.062043795620438,10.09291338582677,7.610132158590308
1:00,15.911092113699508,14.3534,16.557093425605537,18.96148058982847,18.42317380352645
1:20,10.200602021070738,8.5907583920431,14.025735294117647,9.577858880778589,11.43646408839779
1:40,10.06326352530541,9.012616272853629,10.430555555555555,9.404173354735153,8.533672172808132
2:00,11.810162094763092,14.8427226647357,7.700507614213198,18.561673068715322,18.929982046678635
2:20,9.235362656568599,9.54706057007126,15.378995433789955,12.511518771331058,10.948364888123924
2:40,8.123127621330138,8.848307384659334,10.433333333333334,11.403625110521663,8.78752107925801
