,sad,neutral,anger,happy,hate
0:00,11.976143699129947,10.357068837897854,21.8110599078341,15.14368891661468,13.323165704863973
0:20,10.867261572783045,8.36857843888974,11.874715261958997,12.611253196930946,9.842471714534378
0:40,10.393068592057762,9.030840759395582,11.397435897435898,10.568412162162161,10.393889347646573
1:00,9.000504922999243,8.538636060322968,11.203187250996017,8.82025512176266,11.80309423347398
1:20,11.384440515281637,8.073144829417231,3.49609375,9.64973861090366,10.08221225710015
1:40,10.461480740370185,8.498464414474563,14.483870967741936,9.912668665667166,8.688218390804598
2:00,10.338413442751074,9.228267667292057,14.045454545454545,12.499404761904762,9.21859296482412
2:20,10.545943867743176,9.175716289320777,12.071428571428571,11.57577497129736,14.943052391799544
2:40,10.82869692532943,8.481888246628131,5.662921348314606,9.184195882025598,10.541666666666666
