,sad,neutral,anger,happy,hate
0:00,10.249025720966484,8.168831168831169,10.974358974358974,12.24929178470255,9.684276729559748
0:20,9.723903025445802,8.310443490701001,12.195121951219512,10.01023672424824,9.705718270571827
0:40,10.428658785161028,8.607499719321881,18.729970326409497,10.322094926350246,11.562154696132596
1:00,9.317782285327924,8.117076808351976,4.951086956521739,8.762241566920565,11.75764192139738
1:20,7.816123499142367,7.370035761340109,14.410112359550562,10.16125541125541,8.515587529976019
1:40,10.029713477184295,8.61558298029103,11.229885057471265,11.30291576673866,16.45879732739421
2:00,10.492481203007518,9.78688524590164,11.095652173913043,13.622147083685546,17.184931506849313
2:20,13.81734047735022,9.904575163398693,7.01418439716312,12.549504950495049,11.375384615384615
2:40,11.524729156853509,9.77625222476481,10.860294117647058,12.625563909774437,18.837579617834393
