,sad,neutral,anger,happy,hate
0:01,10.539764416044346,8.332612686110545,11.922155688622755,12.23837749883775,11.520489872821479
1:01,9.72893160607327,8.86093241778099,7.030973451327434,10.376528599605523,9.661847389558233
2:01,12.835761030187882,9.604771455716246,10.608695652173912,11.288146482492772,11.689226519337016
