,sad,neutral,anger,happy,hate
0:01,9.78305302231795,8.440663495548238,10.319391634980988,12.488009942974118,10.19339760444055
1:01,8.018920623479593,6.953792088141711,8.298299845440495,10.58077183480027,8.851335656213704
2:01,11.012250070402704,8.936498290922902,10.753456221198157,9.513873473917869,12.181987000928505
