,sad,neutral,anger,happy,hate
0:00,9.968876860622462,8.207835001220404,19.69402985074627,14.196658545074834,14.082251082251082
0:20,11.259110269758636,8.229127899764297,10.088967971530248,11.177105080027836,11.35252808988764
0:40,10.422268422268422,8.557384987893462,6.440559440559441,11.336716835841791,9.214484679665738
1:00,9.038493377483444,8.264304577464788,6.715277777777778,10.33373786407767,9.15211970074813
1:20,10.088172043010752,9.056474740789763,5.37037037037037,10.41744730679157,10.891509433962264
1:40,10.070549630844955,9.244430432955022,9.184931506849315,10.376896149358226,8.907142857142857
2:00,13.170199100834939,10.018456375838927,7.836538461538462,13.558575445173384,9.675324675324676
2:20,13.464308275426406,10.103701340140395,12.077922077922079,9.723032069970845,13.336283185840708
2:40,11.886662492172825,8.772253646918726,12.452631578947368,10.489675516224189,12.037453183520599
