,sad,neutral,anger,happy,hate
0:00,14.086265607264473,9.641157347204162,6.9548736462093865,14.460976979225155,12.578687367678194
0:20,10.555004721435317,8.519772879091516,11.75885328836425,11.247147553664668,11.139048991354468
0:40,8.669647114926084,8.031628399391252,7.695571955719557,9.696365767878078,10.77752808988764
1:00,9.867090153921328,7.628023674729799,9.819148936170214,9.512633996937213,7.246715328467153
1:20,10.261157430112801,7.8173296174309606,3.910204081632653,10.877574815390595,9.526484751203853
1:40,9.181131155533885,8.191022964509395,8.89090909090909,9.741141365162253,9.451664025356576
2:00,9.285355648535566,9.321070234113712,8.398809523809524,12.777387640449438,7.138461538461539
2:20,12.338389731621938,9.252970094223679,27.116129032258065,14.74873417721519,14.156903765690377
2:40,11.20523860782203,9.471414821944178,19.842105263157894,11.780935464772055,12.502304147465438
