,sad,neutral,anger,happy,hate
0:01,11.150876509544215,8.736862943492511,8.879218472468917,11.837896622313204,11.515217391304347
1:01,9.768760694206795,7.8770252893270465,7.695760598503741,10.036994660564455,8.696750902527075
2:01,10.98902942694889,9.351874742480428,18.232793522267208,13.082463243128062,11.503072196620584
