,sad,neutral,anger,happy,hate
0:01,9.984424464986704,8.398357516388009,7.728682170542636,10.794166666666667,9.734523357387012
1:01,9.008977314084678,8.79574410409325,7.1002178649237475,9.847764572722127,11.683029453015427
2:01,10.01673564873133,7.9691794664510915,7.526813880126183,10.201224846894139,10.059536934950385
