,sad,neutral,anger,happy,hate
0:01,9.83410122164049,9.389257271764022,10.560279557367501,12.947344711947546,11.3363446838082
1:01,8.866213479895864,8.755840188829879,9.430082256169213,10.12702290076336,10.645234838121295
2:01,13.58296523910121,11.550462613293051,10.627329192546584,13.508826436943934,15.106471816283925
